install_month,band,n,share
2023-01,NoBattery,4,1.0
2023-02,NoBattery,2,1.0
2023-03,NoBattery,3,1.0
2023-04,20-30,1,0.25
2023-04,NoBattery,3,0.75
2023-05,9-10,1,0.25
2023-05,NoBattery,3,0.75
2023-06,NoBattery,4,1.0
2023-07,NoBattery,5,1.0
2023-08,9-10,1,0.08333333333333333
2023-08,NoBattery,10,0.8333333333333334
2023-08,Other,1,0.08333333333333333
2023-09,4-6,2,0.05714285714285714
2023-09,9-10,3,0.08571428571428572
2023-09,NoBattery,30,0.8571428571428571
2023-10,13-14,1,0.015151515151515152
2023-10,4-6,1,0.015151515151515152
2023-10,9-10,1,0.015151515151515152
2023-10,NoBattery,59,0.8939393939393939
2023-10,Other,4,0.06060606060606061
2023-11,13-14,2,0.012903225806451613
2023-11,9-10,5,0.03225806451612903
2023-11,NoBattery,145,0.9354838709677419
2023-11,Other,3,0.01935483870967742
2023-12,13-14,10,0.010121457489878543
2023-12,30+,1,0.0010121457489878543
2023-12,4-6,5,0.005060728744939271
2023-12,9-10,35,0.0354251012145749
2023-12,NoBattery,911,0.9220647773279352
2023-12,Other,26,0.02631578947368421
2024-01,13-14,17,0.0065485362095531584
2024-01,20-30,2,0.0007704160246533128
2024-01,30+,2,0.0007704160246533128
2024-01,4-6,18,0.006933744221879815
2024-01,9-10,68,0.026194144838212634
2024-01,NoBattery,2465,0.949537750385208
2024-01,Other,24,0.009244992295839754
2024-02,13-14,22,0.007124352331606218
2024-02,4-6,17,0.005505181347150259
2024-02,9-10,56,0.018134715025906734
2024-02,NoBattery,2950,0.9553108808290155
2024-02,Other,43,0.013924870466321243
2024-03,13-14,22,0.00784873349982162
2024-03,20-30,2,0.0007135212272565109
2024-03,4-6,20,0.007135212272565109
2024-03,9-10,92,0.0328219764537995
2024-03,NoBattery,2614,0.9325722440242598
2024-03,Other,53,0.01890831252229754
2024-04,13-14,14,0.004924375659514597
2024-04,30+,1,0.00035174111853675694
2024-04,4-6,22,0.007738304607808653
2024-04,9-10,103,0.036229335209285965
2024-04,NoBattery,2644,0.9300035174111854
2024-04,Other,59,0.02075272599366866
2024-05,13-14,34,0.010648293141246476
2024-05,20-30,1,0.00031318509238960227
2024-05,30+,1,0.00031318509238960227
2024-05,4-6,29,0.009082367679298466
2024-05,9-10,99,0.031005324146570624
2024-05,NoBattery,2976,0.9320388349514563
2024-05,Other,53,0.01659880989664892
2024-06,13-14,21,0.00717458148274684
2024-06,20-30,6,0.0020498804236419544
2024-06,4-6,19,0.006491288008199521
2024-06,9-10,87,0.029723266142808336
2024-06,NoBattery,2728,0.9320122992825418
2024-06,Other,66,0.022548684660061498
2024-07,13-14,41,0.011549295774647887
2024-07,20-30,5,0.0014084507042253522
2024-07,30+,1,0.00028169014084507044
2024-07,4-6,31,0.008732394366197183
2024-07,9-10,109,0.030704225352112677
2024-07,NoBattery,3301,0.9298591549295775
2024-07,Other,62,0.017464788732394366
2024-08,13-14,29,0.008939580764488286
2024-08,20-30,8,0.002466091245376079
2024-08,30+,1,0.00030826140567200987
2024-08,4-6,27,0.008323057953144267
2024-08,9-10,98,0.03020961775585697
2024-08,NoBattery,3015,0.9294081381011098
2024-08,Other,66,0.020345252774352653
2024-09,13-14,30,0.009671179883945842
2024-09,20-30,9,0.0029013539651837525
2024-09,30+,1,0.0003223726627981947
2024-09,4-6,21,0.006769825918762089
2024-09,9-10,100,0.032237266279819474
2024-09,NoBattery,2878,0.9277885235332044
2024-09,Other,63,0.020309477756286266
2024-10,13-14,37,0.011576971214017523
2024-10,20-30,6,0.0018773466833541927
2024-10,30+,2,0.0006257822277847309
2024-10,4-6,30,0.009386733416770964
2024-10,9-10,99,0.03097622027534418
2024-10,NoBattery,2956,0.9249061326658323
2024-10,Other,66,0.02065081351689612
2024-11,13-14,73,0.022855353788353162
2024-11,20-30,13,0.004070131496556042
2024-11,30+,1,0.00031308703819661864
2024-11,4-6,23,0.007201001878522229
2024-11,9-10,107,0.0335003130870382
2024-11,NoBattery,2905,0.9095178459611772
2024-11,Other,72,0.022542266750156543
2024-12,13-14,73,0.02197471402769416
2024-12,20-30,12,0.003612281757977122
2024-12,4-6,32,0.00963275135460566
2024-12,9-10,126,0.037928958458759786
2024-12,NoBattery,2974,0.8952438290186635
2024-12,Other,105,0.03160746538229982
2025-01,13-14,50,0.021150592216582064
2025-01,20-30,11,0.004653130287648054
2025-01,30+,3,0.0012690355329949238
2025-01,4-6,24,0.01015228426395939
2025-01,9-10,92,0.038917089678511
2025-01,NoBattery,2129,0.9005922165820643
2025-01,Other,55,0.023265651438240272
2025-02,13-14,51,0.018599562363238512
2025-02,20-30,15,0.005470459518599562
2025-02,30+,1,0.00036469730123997083
2025-02,4-6,21,0.007658643326039387
2025-02,9-10,122,0.04449307075127644
2025-02,NoBattery,2467,0.899708242159008
2025-02,Other,65,0.023705324580598104
2025-03,13-14,53,0.019850187265917602
2025-03,20-30,13,0.0048689138576779025
2025-03,4-6,14,0.0052434456928838954
2025-03,9-10,149,0.05580524344569288
2025-03,NoBattery,2345,0.8782771535580525
2025-03,Other,96,0.035955056179775284
2025-04,13-14,46,0.019566142067205444
2025-04,20-30,19,0.008081667375584857
2025-04,30+,1,0.0004253509145044662
2025-04,4-6,19,0.008081667375584857
2025-04,9-10,95,0.040408336877924285
2025-04,NoBattery,2091,0.8894087622288388
2025-04,Other,80,0.034028073160357296
2025-05,13-14,16,0.007207207207207207
2025-05,20-30,10,0.0045045045045045045
2025-05,30+,1,0.00045045045045045046
2025-05,4-6,11,0.004954954954954955
2025-05,9-10,53,0.023873873873873873
2025-05,NoBattery,2082,0.9378378378378378
2025-05,Other,47,0.02117117117117117
2025-06,13-14,8,0.004747774480712166
2025-06,20-30,11,0.006528189910979229
2025-06,4-6,12,0.007121661721068249
2025-06,9-10,24,0.014243323442136498
2025-06,NoBattery,1602,0.9507418397626113
2025-06,Other,28,0.01661721068249258
2025-07,13-14,208,0.07174887892376682
2025-07,20-30,298,0.10279406691962746
2025-07,30+,119,0.04104863746119351
2025-07,4-6,272,0.09382545705415661
2025-07,9-10,396,0.1365988271817868
2025-07,NoBattery,1060,0.3656433252845809
2025-07,Other,546,0.18834080717488788
2025-08,13-14,106,0.07015221707478492
2025-08,20-30,260,0.17207147584381205
2025-08,30+,105,0.06949040370615486
2025-08,4-6,196,0.12971542025148908
2025-08,9-10,151,0.099933818663137
2025-08,NoBattery,403,0.26671078755790867
2025-08,Other,290,0.19192587690271343
